temp,pH,DissolvedOxygen,Conductivity,Turbidity,AmmoniaNitrogen
34.0,8.816576,9.21833,539.0,17.0,0.0362711
34.0,8.688472,8.912937,545.0,17.0,0.054363456
33.0,8.55199,8.565062,516.0,17.0,0.07440069
33.0,8.439715,8.275145,439.0,17.0,0.090855636
33.0,8.382576,8.124576,340.0,17.0,0.09637859
33.0,8.373933,8.026461,348.0,17.0,0.09840497
34.0,8.347443,7.877499,416.0,17.0,0.11088686
33.0,8.247938,7.5810533,479.0,17.0,0.14062284
33.0,8.092276,7.1905947,515.0,17.0,0.17217833
33.0,7.914568,6.762433,532.0,18.0,0.19790047
33.0,7.7455244,6.349229,539.0,18.0,0.21987048
33.0,7.562077,5.9764967,498.0,18.0,0.2296775
32.0,7.390362,5.6381793,428.0,18.0,0.23357216
33.0,7.276452,5.4676085,300.0,18.0,0.23059396
33.0,7.2358613,5.5378494,157.0,18.0,0.21796338
34.0,7.2590375,5.752217,63.0,17.0,0.19242066
34.0,7.289719,5.928082,19.0,17.0,0.17188017
34.0,7.3373966,6.102353,1.0,17.0,0.1542875
34.0,7.33167,6.0597124,57.0,17.0,0.15924732
34.0,7.289545,5.916057,104.0,17.0,0.16996245
34.0,7.240753,5.773284,119.0,18.0,0.17687345
34.0,7.2063146,5.6788383,115.0,18.0,0.17842984
33.0,7.1909447,5.661159,93.0,18.0,0.16937262
33.0,7.222027,5.7687984,40.0,17.0,0.16016905
34.0,7.313719,6.056415,0.0,17.0,0.13816145
34.0,7.384051,6.2409387,0.0,16.0,0.12377312
33.0,7.405063,6.2727733,42.0,16.0,0.12045495
33.0,7.3747377,6.135121,122.0,16.0,0.13564366
33.0,7.268698,5.824292,178.0,17.0,0.15425554
33.0,7.1606812,5.4939804,225.0,17.0,0.17537317
32.0,7.051005,5.148176,256.0,17.0,0.19665088
32.0,6.952868,4.8499603,257.0,17.0,0.21465968
32.0,6.8759675,4.625468,242.0,17.0,0.2285095
32.0,6.8161855,4.4599876,219.0,18.0,0.2442042
32.0,6.7512836,4.2833915,218.0,19.0,0.27277565
32.0,6.65894,4.030446,237.0,22.0,0.32946986
33.0,6.504568,3.650263,250.0,28.0,0.41750118
33.0,6.337124,3.3452399,156.0,31.0,0.4796637
33.0,6.2482767,3.2371576,0.0,34.0,0.50949955
34.0,6.240376,3.3111203,0.0,36.0,0.51944137
34.0,6.281331,3.489271,0.0,37.0,0.5156859
33.0,6.35411,3.7610717,0.0,38.0,0.5030067
33.0,6.4246845,4.052703,0.0,40.0,0.48802048
33.0,6.4505396,4.174883,0.0,47.0,0.5158096
34.0,6.308699,3.9603546,0.0,56.0,0.587566
35.0,6.0045605,3.3514059,0.0,69.0,0.742965
37.0,5.6527143,2.7184575,0.0,80.0,0.89956206
37.0,5.4977536,2.5888605,0.0,87.0,0.96107906
37.0,5.4937277,2.9813583,0.0,87.0,0.94830585
36.0,5.6847153,3.7464294,0.0,82.0,0.8882009
36.0,6.047085,4.737567,0.0,74.0,0.77142864
34.0,6.489808,5.833588,0.0,65.0,0.61701775
33.0,6.9063187,6.760138,0.0,57.0,0.4617711
31.0,7.1889315,7.2809396,0.0,50.0,0.3527794
30.0,7.260935,7.368481,0.0,44.0,0.284585
29.0,7.1330795,7.020678,0.0,39.0,0.25394055
30.0,6.968898,6.586083,0.0,35.0,0.25185758
31.0,6.8144126,6.1372833,0.0,33.0,0.2919081
31.0,6.7577543,5.954737,0.0,33.0,0.3055358
31.0,6.749779,5.8917675,0.0,32.0,0.28920016
31.0,6.8357115,6.130483,0.0,30.0,0.24488342
31.0,7.027577,6.6488333,0.0,28.0,0.18277615
31.0,7.181989,7.041427,0.0,26.0,0.1353518
31.0,7.213539,7.0762863,0.0,24.0,0.134638
31.0,7.209566,6.988511,0.0,24.0,0.13463922
31.0,7.189137,6.899256,0.0,24.0,0.130296
31.0,7.248619,7.0879583,0.0,24.0,0.11025407
32.0,7.299316,7.289666,0.0,23.0,0.09754884
32.0,7.329341,7.3951297,0.0,23.0,0.08599479
32.0,7.29999,7.2900996,0.0,23.0,0.08051676
32.0,7.2463675,7.0039654,0.0,23.0,0.091055095
32.0,7.1215324,6.5113106,18.0,24.0,0.124626614
32.0,6.9380064,5.8598294,92.0,25.0,0.17671028
32.0,6.766365,5.275697,101.0,26.0,0.21885315
31.0,6.65772,4.8795896,58.0,26.0,0.24603224
32.0,6.594533,4.5780225,2.0,26.0,0.27106795
32.0,6.5445404,4.3641596,0.0,26.0,0.2896937
33.0,6.5332155,4.2219863,0.0,26.0,0.31560236
33.0,6.522537,4.1236773,0.0,27.0,0.33727786
33.0,6.5156446,4.076921,0.0,27.0,0.34276068
33.0,6.501051,4.01618,0.0,27.0,0.34464428
33.0,6.4793787,3.9234374,0.0,27.0,0.3573853
33.0,6.4493713,3.7990558,0.0,28.0,0.38206354
33.0,6.428076,3.744424,0.0,28.0,0.3918391
33.0,6.4219446,3.723384,0.0,28.0,0.39371216
33.0,6.416129,3.6797733,0.0,28.0,0.40161538
33.0,6.4236016,3.683352,0.0,28.0,0.3971999
33.0,6.408534,3.6205204,0.0,27.0,0.39975086
33.0,6.406686,3.5660553,0.0,26.0,0.39818132
33.0,6.432419,3.60412,0.0,26.0,0.38701978
33.0,6.469851,3.7013788,0.0,24.0,0.37840465
32.0,6.519329,3.836735,21.0,24.0,0.3739646
32.0,6.544731,3.9444864,31.0,23.0,0.3776381
32.0,6.56033,4.025291,58.0,23.0,0.38089988
32.0,6.5515647,4.0001774,90.0,25.0,0.41386604
32.0,6.4740033,3.907035,75.0,29.0,0.46380875
33.0,6.3948126,3.9384017,0.0,32.0,0.49187347
33.0,6.4105825,4.2561975,0.0,33.0,0.47822237
33.0,6.503215,4.7480245,0.0,34.0,0.4361622
33.0,6.630116,5.2230783,0.0,33.0,0.38309872
33.0,6.7421217,5.5130816,0.0,33.0,0.33616447
32.0,6.7747602,5.5570517,0.0,32.0,0.31298164
32.0,6.766935,5.4697924,0.0,32.0,0.29691124
32.0,6.71377,5.2768216,0.0,33.0,0.29024115
32.0,6.596521,4.8873296,0.0,33.0,0.3370595
32.0,6.509244,4.585926,0.0,33.0,0.3822425
32.0,6.468646,4.384684,0.0,35.0,0.4146369
33.0,6.416388,4.1630063,0.0,37.0,0.45622736
33.0,6.391128,4.1425896,0.0,38.0,0.4686757
33.0,6.4165473,4.2809467,0.0,38.0,0.4517443
34.0,6.458962,4.4283986,0.0,38.0,0.4364111
33.0,6.5291843,4.6310596,0.0,37.0,0.40637255
33.0,6.5876145,4.7641435,0.0,36.0,0.37873042
33.0,6.647907,4.921333,0.0,34.0,0.34473056
33.0,6.809771,5.4092417,0.0,34.0,0.29492557
33.0,6.942959,5.987867,0.0,33.0,0.22997105
33.0,7.0165386,6.357604,0.0,31.0,0.18174379
33.0,7.033056,6.4692717,0.0,29.0,0.15478249
33.0,7.039787,6.4491143,0.0,28.0,0.13657846
33.0,7.0741653,6.5638976,0.0,27.0,0.10336601
33.0,7.0753846,6.5316525,0.0,27.0,0.09423387
33.0,7.0551124,6.496965,0.0,27.0,0.08782547
33.0,7.0168195,6.4064965,0.0,26.0,0.08100959
32.0,6.986297,6.2895174,0.0,25.0,0.07335207
33.0,6.9292083,6.0262527,0.0,23.0,0.10110849
33.0,6.9086976,5.8602796,0.0,22.0,0.110107906
32.0,6.8689103,5.648804,0.0,22.0,0.1230815
32.0,6.8167133,5.419325,0.0,22.0,0.1367016
32.0,6.7574706,5.158429,0.0,21.0,0.15306911
32.0,6.7005982,4.837536,43.0,21.0,0.18002328
32.0,6.614341,4.4932647,52.0,21.0,0.21510437
32.0,6.572734,4.2986264,51.0,21.0,0.24076656
32.0,6.5552497,4.218151,24.0,22.0,0.26577678
32.0,6.5489097,4.2287717,0.0,24.0,0.2836522
32.0,6.542292,4.2547617,0.0,25.0,0.3010576
33.0,6.5280156,4.239761,0.0,28.0,0.32989407
33.0,6.494396,4.196899,0.0,31.0,0.36567956
33.0,6.458686,4.1802444,0.0,34.0,0.39608765
33.0,6.4348564,4.1997848,0.0,37.0,0.42553243
33.0,6.4272866,4.2846603,0.0,39.0,0.44124714
33.0,6.444215,4.425852,0.0,39.0,0.43950868
33.0,6.51265,4.643713,0.0,39.0,0.4222341
33.0,6.585015,4.8557196,0.0,38.0,0.40692338
32.0,6.641541,5.009986,0.0,37.0,0.38594213
32.0,6.6694837,5.1050324,0.0,36.0,0.36827388
32.0,6.67494,5.1342945,0.0,35.0,0.35489997
32.0,6.667587,5.1268234,0.0,34.0,0.3456491
32.0,6.6607075,5.1239758,0.0,33.0,0.33308637
32.0,6.637412,5.0675306,0.0,32.0,0.32949656
32.0,6.639043,5.068785,0.0,31.0,0.31445137
32.0,6.6577764,5.1071873,0.0,30.0,0.29181138
32.0,6.669875,5.1206846,0.0,29.0,0.27564293
32.0,6.666705,5.0800524,0.0,29.0,0.27191868
32.0,6.658894,5.046144,0.0,28.0,0.26553005
32.0,6.655412,5.018599,0.0,28.0,0.2627794
32.0,6.650312,5.025537,0.0,27.0,0.26004496
32.0,6.6636524,5.104965,0.0,27.0,0.24942233
32.0,6.706875,5.2751427,0.0,26.0,0.23093067
32.0,6.7807193,5.5488806,0.0,25.0,0.20039016
32.0,6.8726397,5.8802333,0.0,24.0,0.16479884
32.0,6.960794,6.181239,0.0,23.0,0.13381036
32.0,7.039108,6.467707,0.0,22.0,0.102086805
32.0,7.3338075,7.3949375,0.0,20.0,0.029232074
32.0,7.685346,8.437442,0.0,19.0,0.0
32.0,7.906925,9.071594,0.0,18.0,0.0
32.0,7.995952,9.312116,0.0,17.0,0.0
32.0,7.9868546,9.2907505,0.0,17.0,0.0
32.0,7.959172,9.243016,0.0,17.0,0.0
32.0,8.22498,10.286453,0.0,16.0,0.0
32.0,8.549137,11.425199,0.0,15.0,0.0
32.0,8.772571,12.074031,0.0,15.0,0.0
31.0,8.8404,12.17334,0.0,15.0,0.0
31.0,8.893406,12.223602,0.0,14.0,0.0
31.0,8.786949,11.873603,0.0,14.0,0.0
30.0,8.682981,11.698059,0.0,15.0,0.0
30.0,8.550936,11.423418,0.0,16.0,0.0
30.0,8.425812,11.127461,0.0,17.0,0.0
30.0,8.299767,10.770307,0.0,17.0,0.0
30.0,8.308501,10.70707,0.0,16.0,0.0
30.0,8.19385,10.321599,0.0,16.0,0.0
30.0,7.998266,9.736498,0.0,17.0,0.0
30.0,7.7571034,8.958991,22.0,17.0,0.0
29.0,7.5121293,8.13536,20.0,18.0,0.0
30.0,7.248491,7.1316,9.0,18.0,0.025908263
31.0,7.0001855,6.0480213,45.0,18.0,0.100360654
32.0,6.826707,5.365355,74.0,19.0,0.1503999
32.0,6.678115,4.720268,99.0,20.0,0.20387696
33.0,6.556897,4.1955667,94.0,22.0,0.253722
33.0,6.4785795,3.8514879,71.0,22.0,0.28557628
33.0,6.4324293,3.5668874,53.0,23.0,0.3183009
34.0,6.393808,3.2508125,63.0,24.0,0.36433148
34.0,6.3970704,3.2676454,33.0,24.0,0.36658156
34.0,6.4696226,3.544581,0.0,24.0,0.35276172
34.0,6.5470705,3.8644269,0.0,24.0,0.3306251
34.0,6.623128,4.156212,0.0,23.0,0.31130973
34.0,6.679481,4.359491,0.0,22.0,0.2955371
33.0,6.7091584,4.422292,0.0,22.0,0.2936536
33.0,6.6846695,4.347701,11.0,22.0,0.2993218
33.0,6.6471877,4.256468,49.0,22.0,0.30194014
33.0,6.6544013,4.3706303,0.0,22.0,0.2896142
33.0,6.7247887,4.701207,0.0,21.0,0.2605249
33.0,6.8115773,4.995819,0.0,20.0,0.23332532
33.0,6.8803554,5.1783943,0.0,19.0,0.22048587
33.0,6.897319,5.202635,0.0,19.0,0.21193688
33.0,7.0581455,5.7831883,0.0,19.0,0.16808854
33.0,7.191531,6.307967,0.0,18.0,0.13041651
33.0,7.30852,6.778842,0.0,18.0,0.096278764
33.0,7.3654428,7.017355,0.0,17.0,0.07486344
33.0,7.3686376,7.0436263,0.0,17.0,0.06388004
33.0,7.3869367,7.0811763,0.0,17.0,0.060074873
33.0,7.7095556,8.230996,0.0,16.0,0.0
34.0,8.259155,10.099215,0.0,16.0,0.0
33.0,8.645984,11.207033,0.0,15.0,0.0
33.0,8.770538,11.416514,0.0,15.0,0.0
33.0,8.853878,11.413645,0.0,14.0,0.0
32.0,8.6527405,10.678176,0.0,15.0,0.0
32.0,8.4082365,9.846191,149.0,16.0,0.0
31.0,8.117655,8.925973,257.0,17.0,0.0
30.0,7.8618517,8.115335,256.0,17.0,0.011015359
30.0,7.6473722,7.398574,195.0,17.0,0.04593742
31.0,7.3798327,6.3856897,128.0,16.0,0.09534133
32.0,7.2639937,5.920444,116.0,15.0,0.11739734
32.0,7.199986,5.668705,119.0,15.0,0.1320436
33.0,7.1486664,5.441499,136.0,15.0,0.14958137
33.0,7.1008925,5.2401342,152.0,15.0,0.16373217
33.0,7.0518785,5.0509887,169.0,15.0,0.17515106
33.0,6.9924655,4.8197436,192.0,15.0,0.19221416
33.0,6.9379964,4.6242027,202.0,15.0,0.20191328
33.0,6.981314,4.8009357,92.0,14.0,0.19658847
34.0,7.1088676,5.2321463,0.0,14.0,0.17620419
34.0,7.2320433,5.6421976,0.0,14.0,0.14883438
34.0,7.295761,5.8490753,0.0,13.0,0.13011685
34.0,7.293687,5.8345776,23.0,13.0,0.12706356
34.0,7.4152746,6.2680306,0.0,13.0,0.099254034
35.0,7.777344,7.520415,0.0,13.0,0.031594675
35.0,8.131372,8.661295,0.0,12.0,0.0
34.0,8.309556,9.206386,0.0,12.0,0.0
34.0,8.410669,9.447723,0.0,12.0,0.0
34.0,8.47769,9.57865,0.0,11.0,0.0
33.0,8.442814,9.425355,0.0,12.0,0.0
33.0,8.315693,9.064373,78.0,12.0,0.0
32.0,8.119623,8.52714,141.0,13.0,0.0
31.0,7.9109116,7.9909945,157.0,14.0,0.03724387
31.0,7.7347565,7.457747,177.0,14.0,0.07162451
32.0,7.579649,7.0136766,197.0,14.0,0.10007105
32.0,7.406619,6.530956,200.0,15.0,0.13030757
32.0,7.243477,6.0414314,186.0,15.0,0.15907022
32.0,7.1063976,5.6839356,120.0,16.0,0.17387421
32.0,7.0356736,5.4817734,62.0,16.0,0.17821084
33.0,6.995056,5.3763466,19.0,16.0,0.17982024
33.0,6.9852905,5.2898,33.0,17.0,0.18861775
33.0,6.9912653,5.296784,23.0,17.0,0.18498798
33.0,7.02748,5.399068,0.0,17.0,0.17738488
34.0,7.157824,5.831279,0.0,17.0,0.1460644
34.0,7.248757,6.078816,0.0,17.0,0.12618244
34.0,7.309384,6.243121,0.0,17.0,0.10804835
34.0,7.377969,6.4208393,0.0,17.0,0.08726638
34.0,7.459848,6.6099086,0.0,16.0,0.07077741
35.0,8.095634,8.972787,0.0,15.0,0.0
34.0,8.4631605,10.312481,0.0,14.0,0.0
34.0,8.596183,10.7372465,0.0,13.0,0.0
33.0,8.577121,10.5957365,0.0,13.0,0.0
33.0,8.382645,9.936487,0.0,14.0,0.0
32.0,8.178777,9.29119,117.0,15.0,0.0
32.0,7.8653765,8.369957,190.0,17.0,0.020073898
31.0,7.5595713,7.4956303,202.0,19.0,0.098682724
31.0,7.22808,6.6044135,143.0,23.0,0.18296067
31.0,6.903785,5.8024063,2.0,28.0,0.25503474
33.0,6.5486507,4.645743,0.0,35.0,0.37328023
34.0,6.4262366,4.46631,0.0,41.0,0.39378735
34.0,6.4339204,4.679636,0.0,44.0,0.36823213
35.0,6.528823,5.043142,0.0,47.0,0.32860547
35.0,6.588594,5.275769,0.0,49.0,0.3092839
34.0,6.6662297,5.569692,0.0,50.0,0.25573832
34.0,6.754073,5.82295,0.0,51.0,0.20258752
34.0,6.781556,5.8917804,0.0,50.0,0.20066896
34.0,6.8652864,6.2324414,0.0,47.0,0.18145767
33.0,6.9910626,6.6180735,0.0,45.0,0.15479104
33.0,7.0844345,6.861641,0.0,43.0,0.1289041
33.0,7.1012354,6.859379,0.0,42.0,0.11888041
32.0,7.0671177,6.6808276,0.0,41.0,0.11644741
33.0,7.0154724,6.5771875,0.0,39.0,0.117653005
33.0,7.007438,6.640725,0.0,37.0,0.11229051
33.0,7.158827,7.182299,0.0,34.0,0.059571616
33.0,7.328387,7.73,0.0,31.0,0.0125656435
33.0,7.466844,8.111031,0.0,29.0,0.0
32.0,7.546417,8.317952,0.0,27.0,0.0
32.0,7.56282,8.43109,0.0,26.0,0.0
32.0,7.5330896,8.428666,0.0,25.0,0.0
32.0,7.6521916,8.901123,0.0,24.0,0.0
32.0,7.8190136,9.46865,0.0,22.0,0.0
32.0,7.953151,9.803622,0.0,21.0,0.0
31.0,7.9573655,9.742202,0.0,20.0,0.0
31.0,7.906384,9.505358,0.0,20.0,0.0
31.0,7.7222466,8.894106,0.0,21.0,0.0
31.0,7.5249257,8.275688,0.0,22.0,0.0
31.0,7.406771,7.889933,0.0,22.0,0.0
31.0,7.414362,7.863916,0.0,22.0,0.0
31.0,7.527223,8.158774,0.0,21.0,0.0
32.0,7.8040557,8.896673,0.0,19.0,0.0
33.0,8.108766,9.633437,0.0,18.0,0.0
32.0,8.195573,9.720239,0.0,18.0,0.0
32.0,8.167703,9.468619,0.0,17.0,0.0
32.0,8.062253,9.00778,0.0,17.0,0.0
32.0,7.9504952,8.565423,0.0,17.0,0.0
32.0,7.9745884,8.436804,0.0,17.0,0.0
33.0,8.076188,8.49753,0.0,17.0,0.0
33.0,8.150961,8.467554,0.0,16.0,0.0
33.0,8.137787,8.212071,39.0,16.0,0.0081144385
33.0,8.06983,7.8358083,187.0,16.0,0.03942252
33.0,7.968542,7.435515,284.0,16.0,0.073116705
33.0,7.851147,7.0303087,259.0,17.0,0.11162539
33.0,7.815103,6.908342,155.0,17.0,0.1259092
33.0,7.8648343,7.0806975,41.0,17.0,0.1083779
34.0,7.941498,7.350587,21.0,17.0,0.07719483
34.0,7.9712157,7.541021,64.0,16.0,0.057340324
34.0,7.9842916,7.690108,130.0,17.0,0.04699309
33.0,7.889109,7.5530114,194.0,18.0,0.06349945
33.0,7.7534785,7.3097653,191.0,19.0,0.08620243
33.0,7.63321,7.119867,145.0,19.0,0.09427118
32.0,7.5228157,6.934386,103.0,19.0,0.09267738
32.0,7.427542,6.7604594,86.0,19.0,0.08566702
32.0,7.330143,6.5432534,75.0,19.0,0.08784164
33.0,7.2430353,6.326757,57.0,20.0,0.101026244
33.0,7.156998,6.0894527,41.0,22.0,0.12273643
33.0,7.0788894,5.8644013,24.0,23.0,0.13983215
33.0,7.002911,5.6279488,1.0,23.0,0.1582627
33.0,6.9295325,5.3438473,0.0,24.0,0.18833369
34.0,6.8776064,5.15262,0.0,25.0,0.20650764
34.0,6.8479147,5.01931,0.0,25.0,0.21900739
34.0,6.8097925,4.865825,0.0,26.0,0.23707184
34.0,6.775195,4.734896,0.0,26.0,0.2530476
34.0,6.7455316,4.5866876,0.0,27.0,0.27323663
34.0,6.7058773,4.3940096,0.0,27.0,0.3041677
34.0,6.6806326,4.27291,0.0,27.0,0.32710528
34.0,6.683585,4.2840686,0.0,27.0,0.3326708
34.0,6.6894855,4.3120265,0.0,27.0,0.3337876
34.0,6.6806355,4.2686057,0.0,27.0,0.34341085
34.0,6.6777477,4.210893,0.0,27.0,0.3503228
33.0,6.6540794,4.1023808,16.0,27.0,0.35934374
33.0,6.6036844,3.918985,38.0,27.0,0.37989092
33.0,6.572495,3.8525186,32.0,27.0,0.3817399
33.0,6.558386,3.8218305,5.0,27.0,0.38459975
33.0,6.5647216,3.862838,0.0,27.0,0.37770024
33.0,6.581828,3.9006884,0.0,26.0,0.3714696
33.0,6.593861,3.9083638,0.0,26.0,0.36973864
33.0,6.6076593,3.9671645,0.0,26.0,0.36453226
33.0,6.668303,4.334452,0.0,26.0,0.32998645
33.0,6.763365,4.843021,0.0,25.0,0.2843645
33.0,6.8845634,5.4554124,0.0,23.0,0.22964141
33.0,6.9741282,5.9122453,0.0,22.0,0.18573995
33.0,7.0196376,6.1418576,0.0,21.0,0.15755951
32.0,6.9919944,6.161321,0.0,21.0,0.14723927
32.0,6.987006,6.294535,0.0,21.0,0.12714496
32.0,6.9361687,6.2484136,0.0,21.0,0.12405436
32.0,6.8763657,6.1270394,0.0,22.0,0.13080096
32.0,6.804808,5.907831,0.0,21.0,0.1496091
32.0,6.755008,5.657169,0.0,22.0,0.17444646
32.0,6.6821856,5.354472,0.0,23.0,0.20324822
32.0,6.6166577,5.05882,0.0,24.0,0.23685282
32.0,6.5395627,4.7814064,0.0,26.0,0.2731161
33.0,6.4551234,4.5043545,0.0,29.0,0.32401976
33.0,6.3642883,4.2535543,0.0,33.0,0.38148755
33.0,6.277428,4.032952,0.0,38.0,0.43875924
34.0,6.217621,3.965203,0.0,41.0,0.46399036
34.0,6.226678,4.0592785,0.0,42.0,0.4688762
34.0,6.313885,4.3324223,0.0,43.0,0.4425474
34.0,6.436632,4.668392,0.0,43.0,0.4032578
34.0,6.5589848,4.9579873,0.0,43.0,0.3659453
34.0,6.6230617,5.1067233,0.0,43.0,0.34026113
33.0,6.6466627,5.210833,0.0,44.0,0.3180282
33.0,6.638751,5.3033333,0.0,43.0,0.30846313
33.0,6.662836,5.438328,0.0,44.0,0.30671197
33.0,6.685576,5.6855803,0.0,43.0,0.29187417
33.0,6.7852335,6.0050898,0.0,43.0,0.2625919
33.0,6.8203897,6.0896654,0.0,47.0,0.2630207
33.0,6.719391,5.8539414,0.0,54.0,0.2998726
34.0,6.5208063,5.4169974,0.0,60.0,0.3451044
34.0,6.306762,4.922961,0.0,66.0,0.3983648
35.0,6.2005596,4.7879715,0.0,68.0,0.4239295
35.0,6.2807055,5.1380963,0.0,66.0,0.39459854
35.0,6.498103,5.747868,0.0,62.0,0.31351826
35.0,6.693438,6.2048326,0.0,57.0,0.25826007
34.0,6.9566984,6.7643456,0.0,52.0,0.14546959
33.0,7.0566096,6.8895135,0.0,48.0,0.10107992
32.0,7.0244336,6.757954,0.0,44.0,0.091858484
32.0,6.925775,6.5080085,0.0,41.0,0.10801846
32.0,6.84841,6.3350987,0.0,38.0,0.121663466
32.0,6.796501,6.2122397,0.0,37.0,0.152324
32.0,6.7670345,6.165942,0.0,37.0,0.17590003
32.0,6.726019,6.084147,0.0,39.0,0.1989614
32.0,6.6541657,5.934764,0.0,41.0,0.2212477
32.0,6.5959835,5.8031,0.0,42.0,0.23780097
32.0,6.561108,5.6954713,0.0,43.0,0.2518478
32.0,6.530513,5.6112795,0.0,44.0,0.27237204
32.0,6.5481644,5.6353526,0.0,44.0,0.27468792
32.0,6.578983,5.6711264,0.0,44.0,0.26584962
32.0,6.603363,5.6136355,0.0,43.0,0.2679901
32.0,6.5653577,5.364805,0.0,43.0,0.3095124
32.0,6.5365295,5.0853043,0.0,46.0,0.37810385
33.0,6.4008884,4.564754,0.0,56.0,0.5237168
35.0,6.118068,3.8156867,0.0,70.0,0.684671
37.0,5.760917,3.068524,0.0,83.0,0.7950045
38.0,5.5291867,2.8042898,0.0,88.0,0.83904505
38.0,5.5695753,3.264011,0.0,87.0,0.8147509
37.0,5.862567,4.243109,0.0,81.0,0.7211029
37.0,6.315488,5.494726,0.0,73.0,0.5394071
35.0,6.788424,6.5961065,0.0,65.0,0.33540583
34.0,7.2003517,7.453883,0.0,58.0,0.14201193
32.0,7.426767,7.8374705,0.0,52.0,0.019260827
31.0,7.4251127,7.760069,0.0,45.0,0.0
31.0,7.249669,7.309368,0.0,40.0,0.009068879
31.0,7.0373745,6.737833,0.0,39.0,0.07717312
31.0,6.8456683,6.2096763,0.0,40.0,0.14577395
32.0,6.709617,5.869325,0.0,40.0,0.1914385
32.0,6.638725,5.6960044,0.0,40.0,0.22161007
32.0,6.6702137,5.7941947,0.0,39.0,0.21378006
32.0,6.7248893,5.904859,0.0,38.0,0.21139048
32.0,6.7846313,6.0190735,0.0,36.0,0.20421676
32.0,6.8125796,5.9963384,0.0,36.0,0.21030247
32.0,6.840504,6.079247,0.0,35.0,0.19962756
32.0,6.8317785,6.055945,0.0,34.0,0.20025226
32.0,6.8103914,5.998778,0.0,33.0,0.2120461
32.0,6.799538,6.0193834,0.0,32.0,0.21903418
32.0,6.815619,6.1473074,0.0,32.0,0.21271329
32.0,6.8456583,6.336861,0.0,33.0,0.19447741
32.0,6.9120097,6.6259704,0.0,33.0,0.15795825
32.0,6.944079,6.808364,0.0,32.0,0.12988985
32.0,6.9777293,6.9455357,0.0,32.0,0.096633695
32.0,6.9742584,6.9388266,0.0,30.0,0.088875316
32.0,7.0145926,7.0037003,0.0,30.0,0.06598434
32.0,6.9950957,6.9059744,0.0,29.0,0.059637975
32.0,7.0025373,6.9184556,0.0,29.0,0.0510654
32.0,7.009234,6.9193935,0.0,28.0,0.045840412
32.0,7.0177255,6.899284,0.0,27.0,0.040899392
32.0,7.0029325,6.7978005,0.0,26.0,0.049649715
32.0,6.9682527,6.656791,0.0,26.0,0.060702767
32.0,6.92222,6.460638,0.0,26.0,0.07411231
32.0,6.8657804,6.2428856,0.0,26.0,0.08971677
32.0,6.800126,5.9935718,0.0,27.0,0.10947832
32.0,6.7049556,5.583971,0.0,31.0,0.17068246
32.0,6.543708,5.1010604,0.0,35.0,0.24357508
33.0,6.3889165,4.6677713,0.0,39.0,0.3094109
33.0,6.2698774,4.3550653,0.0,43.0,0.36376187
34.0,6.24124,4.3590465,0.0,45.0,0.38401097
34.0,6.3229136,4.71168,0.0,44.0,0.36426306
34.0,6.52534,5.347353,0.0,42.0,0.3002219
34.0,6.7263627,5.8879576,0.0,38.0,0.23987688
33.0,6.893295,6.212274,0.0,37.0,0.19453502
32.0,6.918005,6.2183466,0.0,36.0,0.17431393
32.0,6.8222084,5.9657803,0.0,34.0,0.1936335
32.0,6.7503858,5.7593374,0.0,32.0,0.20181139
32.0,6.6872125,5.575804,0.0,31.0,0.21181582
32.0,6.647358,5.4213514,0.0,29.0,0.22404279
32.0,6.6497507,5.3386464,0.0,28.0,0.22726631
32.0,6.684653,5.3713603,0.0,27.0,0.21769877
32.0,6.734103,5.49839,0.0,27.0,0.20003664
32.0,6.7490716,5.525227,0.0,27.0,0.19094436
32.0,6.7164164,5.405799,0.0,26.0,0.2086832
32.0,6.709582,5.3526473,0.0,26.0,0.21586134
32.0,6.6898537,5.240077,0.0,26.0,0.23569103
33.0,6.6435714,5.114675,0.0,27.0,0.25116378
33.0,6.644352,5.211556,0.0,28.0,0.24222304
33.0,6.7051373,5.5029926,0.0,29.0,0.22563697
33.0,6.7615323,5.846612,0.0,30.0,0.20781597
33.0,6.8420014,6.2695317,0.0,30.0,0.16965011
33.0,6.9385567,6.6540923,0.0,30.0,0.12942494
33.0,6.9861016,6.8729944,0.0,30.0,0.09427372
33.0,7.034382,7.0478683,0.0,30.0,0.06429156
33.0,7.049424,7.1237803,0.0,29.0,0.04869142
32.0,7.014548,7.0399857,0.0,29.0,0.06051299
32.0,6.9564395,6.8251,0.0,33.0,0.10151907
32.0,6.821096,6.433409,0.0,37.0,0.16961344
33.0,6.6061554,5.9179835,0.0,42.0,0.24815863
33.0,6.4760876,5.6516213,0.0,43.0,0.27841055
33.0,6.5087743,5.7236805,0.0,44.0,0.2632556
34.0,6.6096616,5.918765,0.0,45.0,0.24443054
34.0,6.7346144,6.1508064,0.0,48.0,0.22165133
34.0,6.7759247,6.2208376,0.0,52.0,0.21141943
34.0,6.7583375,6.258543,0.0,53.0,0.17591864
34.0,6.788891,6.370125,0.0,52.0,0.12988177
34.0,6.79792,6.4411993,0.0,50.0,0.13288252
34.0,6.887678,6.695651,0.0,46.0,0.11727007
34.0,7.0318274,7.039009,0.0,44.0,0.07901198
33.0,7.1419315,7.2761874,0.0,42.0,0.028878177
32.0,7.1159306,7.1848464,0.0,41.0,0.016454844
32.0,7.051351,7.0368195,0.0,39.0,0.011502919
32.0,6.977439,6.8670597,0.0,36.0,0.029449958
33.0,6.9707985,6.884283,0.0,34.0,0.045011364
32.0,7.0533285,7.1213584,0.0,33.0,0.018612064
32.0,7.0717955,7.183264,0.0,32.0,0.012098387
32.0,7.0546103,7.1385636,0.0,31.0,0.009928759
32.0,7.015685,7.0338917,0.0,31.0,0.014402241
32.0,6.9602833,6.9109125,0.0,30.0,0.023684116
32.0,6.9264884,6.8496723,0.0,30.0,0.029252848
32.0,6.9348145,6.8968124,0.0,29.0,0.026012411
32.0,6.9625955,6.984101,0.0,29.0,0.015498524
32.0,6.9472275,6.9205337,0.0,30.0,0.019305758
32.0,6.924055,6.8156443,0.0,30.0,0.026661927
32.0,6.888724,6.6333694,0.0,32.0,0.049863372
32.0,6.8242016,6.363093,0.0,35.0,0.08879664
33.0,6.712854,5.9347115,0.0,43.0,0.16801333
34.0,6.505452,5.33649,0.0,53.0,0.27776885
35.0,6.324724,5.0228014,0.0,59.0,0.31270653
35.0,6.307884,5.1435566,0.0,61.0,0.2884618
35.0,6.46878,5.695255,0.0,60.0,0.22470565
35.0,6.7498026,6.4818993,0.0,57.0,0.12920076
34.0,7.03063,7.1903043,0.0,53.0,0.03288478
33.0,7.26558,7.717768,0.0,48.0,0.0
32.0,7.3955097,7.9677644,0.0,44.0,0.0
31.0,7.4168506,7.9768395,0.0,40.0,0.0
31.0,7.378117,7.902684,0.0,36.0,0.0
31.0,7.345444,7.848584,0.0,32.0,0.0
31.0,7.386231,7.94417,0.0,30.0,0.0
31.0,7.426954,8.042207,0.0,28.0,0.0
31.0,7.4784927,8.187438,0.0,27.0,0.0
31.0,7.526249,8.321808,0.0,26.0,0.0
31.0,7.5384417,8.32543,0.0,26.0,0.0
31.0,7.5160065,8.22037,0.0,26.0,0.0
31.0,7.472403,8.054481,0.0,25.0,0.0
31.0,7.4559264,7.953228,0.0,26.0,0.0
31.0,7.477596,7.9655657,0.0,27.0,0.0
31.0,7.460768,7.843278,0.0,28.0,0.0
31.0,7.4073553,7.6249266,0.0,29.0,0.019366011
31.0,7.277595,7.17144,0.0,33.0,0.0808811
31.0,7.0810246,6.593032,19.0,38.0,0.15911864
31.0,6.8869367,6.142304,0.0,42.0,0.20025349
32.0,6.813298,6.0210857,0.0,43.0,0.19655557
32.0,6.902868,6.2981243,0.0,42.0,0.15227522
32.0,7.2079725,7.137906,0.0,39.0,0.052936964
32.0,7.538046,7.984332,0.0,35.0,0.0
32.0,7.793289,8.60422,0.0,31.0,0.0
32.0,7.8382363,8.614751,0.0,29.0,0.0
31.0,7.723263,8.207012,0.0,28.0,0.0
31.0,7.490634,7.5567584,17.0,27.0,0.0
31.0,7.394542,7.2966933,0.0,26.0,0.019086558
31.0,7.445682,7.419301,0.0,26.0,0.022556817
31.0,7.5196505,7.6268244,0.0,25.0,0.0056725023
31.0,7.553391,7.683032,0.0,25.0,0.004634781
31.0,7.5780153,7.7741547,0.0,25.0,0.0
31.0,7.5070286,7.546871,0.0,25.0,0.012908919
31.0,7.510472,7.542632,0.0,26.0,0.011504611
32.0,7.5178976,7.523166,0.0,26.0,0.01691458
32.0,7.5312862,7.529635,0.0,26.0,0.020974385
32.0,7.587287,7.658745,0.0,25.0,0.0051360643
32.0,7.6614046,7.872427,0.0,24.0,0.0
32.0,7.7806206,8.120795,0.0,23.0,0.0
33.0,8.103562,8.938588,0.0,22.0,0.0
33.0,8.380044,9.539855,0.0,22.0,0.0
33.0,8.515878,9.730375,0.0,21.0,0.0
33.0,8.551317,9.634435,0.0,20.0,0.0
32.0,8.5398855,9.476844,151.0,20.0,0.0
32.0,8.4095335,9.01845,277.0,20.0,0.0
32.0,8.259479,8.522015,314.0,21.0,0.00832217
32.0,8.181148,8.262804,272.0,21.0,0.039922956
31.0,8.08158,7.9739165,244.0,21.0,0.06874398
31.0,7.994994,7.7890277,245.0,21.0,0.068786375
32.0,7.909198,7.55874,337.0,21.0,0.07888988
31.0,7.7335215,7.153478,369.0,21.0,0.104975976
31.0,7.532112,6.667947,377.0,22.0,0.13949405
31.0,7.305102,6.152427,348.0,24.0,0.18086511
31.0,7.06141,5.59632,275.0,28.0,0.23870568
32.0,6.8060083,5.0501423,158.0,34.0,0.3112318
37.0,6.4608817,4.1265354,48.0,58.0,0.5665228
43.0,5.8731747,2.6248837,15.0,92.0,0.8411752
49.0,5.2787886,0.83560485,143.0,122.0,1.037564
51.0,4.679692,0.0,192.0,141.0,1.1337997
52.0,4.1913643,0.0,42.0,150.0,1.1767714
51.0,3.9265876,0.0,0.0,154.0,1.1923261
50.0,3.7967024,0.0,0.0,155.0,1.2036281
48.0,3.8107343,0.0,0.0,152.0,1.1782646
46.0,4.023402,0.0,0.0,146.0,1.1019437
43.0,4.4250703,0.4997533,0.0,137.0,0.945329
40.0,5.026302,2.5245104,0.0,122.0,0.74046373
38.0,5.7263894,4.5021367,0.0,107.0,0.505201
36.0,6.336571,6.0476885,0.0,92.0,0.33752564
35.0,6.7642603,7.0343504,0.0,80.0,0.20145871
34.0,7.099305,7.6838827,0.0,69.0,0.0822652
32.0,7.3019576,8.003784,0.0,60.0,0.021450572
31.0,7.3173532,7.851147,0.0,56.0,0.034011234
32.0,7.069352,7.043037,0.0,65.0,0.17037265
37.0,6.4417834,5.221655,0.0,87.0,0.47047302
40.0,5.60086,2.98443,0.0,106.0,0.70071787
41.0,4.977191,1.4464664,0.0,115.0,0.8150455
41.0,4.671756,1.0419387,0.0,115.0,0.87048763
41.0,4.7913084,1.7259158,0.0,108.0,0.87338704
39.0,5.3399563,3.3154495,0.0,98.0,0.7342557
37.0,6.021669,5.008121,0.0,90.0,0.5077916
35.0,6.610358,6.3444695,0.0,82.0,0.2657842
33.0,7.0033445,7.1414948,0.0,74.0,0.07355002
32.0,7.151666,7.4343457,0.0,66.0,0.0
32.0,6.996451,7.1901584,0.0,58.0,0.047733504
33.0,6.9145474,7.0312147,0.0,53.0,0.10215091
33.0,6.950587,7.108419,0.0,48.0,0.11406516
32.0,7.1144853,7.359054,0.0,46.0,0.061519317
31.0,7.1390076,7.3241625,0.0,46.0,0.044555575
31.0,7.0034943,6.990757,0.0,45.0,0.05794745
31.0,6.842586,6.633415,0.0,43.0,0.08311972
31.0,6.760761,6.4269214,0.0,41.0,0.106658705
32.0,6.7703285,6.2969594,0.0,44.0,0.1523758
32.0,6.6833415,5.954282,0.0,54.0,0.24408868
34.0,6.3796787,5.0898404,0.0,70.0,0.39118308
37.0,5.9154286,3.812365,0.0,87.0,0.5441017
38.0,5.484684,2.7975187,0.0,98.0,0.60986704
39.0,5.1412306,2.1126688,0.0,103.0,0.70383257
39.0,5.1691885,2.4571342,0.0,103.0,0.7241414
38.0,5.530264,3.6699805,0.0,99.0,0.6179188
37.0,6.0585093,5.261533,0.0,93.0,0.40585688
36.0,6.5895634,6.6622076,0.0,87.0,0.16926706
35.0,6.9439707,7.5294967,0.0,79.0,0.005218687
34.0,7.197649,8.095375,0.0,70.0,0.0
33.0,7.3301864,8.389109,0.0,62.0,0.0
32.0,7.3627424,8.439121,0.0,57.0,0.0
32.0,7.3594084,8.427287,0.0,54.0,0.0
31.0,7.3048716,8.3356285,0.0,51.0,0.0
31.0,7.2214093,8.1648855,0.0,47.0,0.0
31.0,7.159237,7.982088,0.0,44.0,0.0
31.0,7.108115,7.8386245,0.0,42.0,0.0
31.0,7.0520253,7.7077446,0.0,41.0,0.0
31.0,7.0309367,7.6376014,0.0,40.0,0.0
31.0,6.9977536,7.541549,0.0,38.0,0.0
31.0,6.966283,7.397059,0.0,37.0,0.0
31.0,6.9088593,7.2000933,0.0,35.0,0.0
31.0,6.9191394,7.148183,0.0,33.0,0.0
31.0,6.970607,7.232953,0.0,32.0,0.0
31.0,7.0165434,7.319087,0.0,30.0,0.0
31.0,7.018479,7.286572,0.0,28.0,0.0
31.0,7.0636597,7.371815,0.0,26.0,0.0
31.0,7.131959,7.4716434,0.0,27.0,0.0
31.0,7.108984,7.334365,0.0,28.0,0.0
31.0,7.0217934,6.9942245,0.0,31.0,0.027953062
32.0,6.834004,6.4096866,0.0,35.0,0.101157464
32.0,6.673678,5.9728785,0.0,40.0,0.14527088
33.0,6.5585318,5.6233144,0.0,45.0,0.19461699
34.0,6.5418177,5.6998644,0.0,46.0,0.18222485
34.0,6.6783113,6.1775894,0.0,45.0,0.11159634
34.0,6.904518,6.824306,0.0,42.0,0.02251151
33.0,7.158732,7.4784636,0.0,39.0,0.0
33.0,7.331388,7.91208,0.0,35.0,0.0
32.0,7.4327435,8.132241,0.0,33.0,0.0
31.0,7.432613,8.083155,0.0,30.0,0.0
31.0,7.3912435,7.926672,0.0,29.0,0.0
31.0,7.338554,7.7477636,0.0,27.0,0.0
31.0,7.24049,7.4667535,0.0,25.0,0.0
31.0,7.2096424,7.344985,0.0,25.0,0.0
31.0,7.161418,7.1625595,0.0,26.0,0.0
31.0,7.069906,6.9023952,0.0,28.0,0.028690372
31.0,6.9547153,6.600078,0.0,29.0,0.06365736
31.0,6.870611,6.415164,0.0,30.0,0.07882229
31.0,6.812014,6.29426,0.0,31.0,0.09453682
31.0,6.7703695,6.2321954,0.0,32.0,0.109052606
31.0,6.750428,6.255738,0.0,33.0,0.11502496
31.0,6.775409,6.411853,0.0,33.0,0.09635377
31.0,6.8377314,6.608252,0.0,32.0,0.07207353
31.0,6.913551,6.8112655,0.0,32.0,0.052747186
31.0,6.926372,6.838974,0.0,31.0,0.05947865
31.0,6.9050903,6.7526326,0.0,32.0,0.07328063
31.0,6.893218,6.7341113,0.0,32.0,0.07129919
31.0,6.9246087,6.8187013,0.0,31.0,0.05186879
31.0,6.9512386,6.8719864,0.0,30.0,0.040763754
31.0,6.9853907,6.927326,0.0,29.0,0.034976296
31.0,7.0058227,6.91166,0.0,29.0,0.040079083
31.0,6.992666,6.8518867,0.0,30.0,0.043072123
31.0,6.9456124,6.720445,0.0,31.0,0.05204315
31.0,6.922129,6.6912374,0.0,31.0,0.051995117
31.0,6.971613,6.8743205,0.0,30.0,0.032585304
31.0,7.0558014,7.108241,0.0,28.0,0.0143387
31.0,7.149903,7.3378,0.0,27.0,0.0
31.0,7.1822453,7.395374,0.0,28.0,0.0
31.0,7.169696,7.3509345,0.0,28.0,0.0
31.0,7.1578856,7.336205,0.0,28.0,0.0
31.0,7.165881,7.393775,0.0,27.0,0.0
31.0,7.241218,7.6318135,0.0,26.0,0.0
31.0,7.359173,7.962383,0.0,24.0,0.0
31.0,7.475638,8.250404,0.0,23.0,0.0
31.0,7.5576315,8.423721,0.0,23.0,0.0
31.0,7.582083,8.465291,0.0,23.0,0.0
31.0,7.5828166,8.447481,0.0,23.0,0.0
31.0,7.5805087,8.433023,0.0,22.0,0.0
31.0,7.601043,8.460684,0.0,22.0,0.0
31.0,7.6438613,8.558607,0.0,21.0,0.0
31.0,7.673156,8.62026,0.0,20.0,0.0
31.0,7.68815,8.654623,0.0,21.0,0.0
31.0,7.6442685,8.52312,0.0,21.0,0.0
30.0,7.536074,8.174317,0.0,21.0,0.0
30.0,7.38063,7.6724815,0.0,22.0,0.00030661668
30.0,7.2426176,7.2600846,0.0,23.0,0.031945284
31.0,7.1764493,7.055594,0.0,24.0,0.04742698
31.0,7.1753616,7.053785,0.0,24.0,0.04219457
31.0,7.2417164,7.2297435,0.0,24.0,0.018841134
32.0,7.3555818,7.510724,0.0,24.0,0.0
32.0,7.423267,7.637131,0.0,23.0,0.0
32.0,7.4806786,7.729591,0.0,22.0,0.0
32.0,7.5119834,7.77876,0.0,23.0,0.0
32.0,7.57742,7.9661255,0.0,22.0,0.0
32.0,7.714739,8.365417,0.0,22.0,0.0
32.0,7.84562,8.720264,0.0,21.0,0.0
32.0,7.957615,9.011881,0.0,20.0,0.0
32.0,8.006302,9.091316,0.0,20.0,0.0
32.0,8.213806,9.764504,0.0,20.0,0.0
32.0,8.399,10.303839,0.0,19.0,0.0
31.0,8.366376,10.182725,0.0,20.0,0.0
31.0,8.265143,9.858545,0.0,20.0,0.0
30.0,8.093439,9.323434,64.0,20.0,0.0
30.0,7.9341564,8.856969,138.0,20.0,0.0
30.0,7.7924557,8.466479,85.0,21.0,0.0
31.0,7.7102027,8.25235,0.0,21.0,0.0
31.0,7.691207,8.2505865,0.0,21.0,0.0
31.0,7.6854296,8.235995,0.0,21.0,0.0
31.0,7.7179246,8.197598,0.0,21.0,0.0
31.0,7.644531,7.9651346,21.0,22.0,0.0
31.0,7.515414,7.5569177,37.0,22.0,0.022402192
31.0,7.434044,7.2761464,16.0,23.0,0.042855084
31.0,7.3691664,7.063623,0.0,23.0,0.053972054
31.0,7.3150687,6.8667917,0.0,23.0,0.057365045
31.0,7.2727737,6.6773825,0.0,23.0,0.05896449
32.0,7.2208714,6.4945607,26.0,23.0,0.07013776
32.0,7.18233,6.3616004,22.0,23.0,0.08418122
32.0,7.1720657,6.3315163,0.0,25.0,0.0946545
32.0,7.1831284,6.4150977,0.0,25.0,0.09256214
32.0,7.229991,6.582853,0.0,24.0,0.07516987
31.0,7.2754703,6.7417607,0.0,24.0,0.056399044
31.0,7.2833033,6.7968116,0.0,24.0,0.051774416
31.0,7.2836204,6.81674,0.0,24.0,0.050531875
31.0,7.269331,6.8001647,0.0,24.0,0.053280428
30.0,7.2380223,6.76051,0.0,24.0,0.06171671
30.0,7.215161,6.740134,0.0,24.0,0.064602874
30.0,7.1737323,6.6675916,4.0,24.0,0.07180902
30.0,7.1258574,6.5850563,0.0,23.0,0.08010281
29.0,7.105503,6.5394526,0.0,23.0,0.0831435
29.0,7.0824447,6.4941344,0.0,23.0,0.08656554
29.0,7.066314,6.4491253,0.0,23.0,0.09161963
29.0,7.055187,6.4210606,0.0,23.0,0.09566346
29.0,7.0686,6.503747,0.0,23.0,0.09175358
29.0,7.0735707,6.571644,0.0,24.0,0.10053492
28.0,7.06403,6.634393,0.0,25.0,0.11113566
28.0,7.0335765,6.6610727,0.0,26.0,0.12226335
28.0,6.999467,6.6769934,0.0,27.0,0.13080801
28.0,6.9961834,6.772326,0.0,29.0,0.13164787
28.0,7.0160503,6.966199,0.0,30.0,0.11775997
28.0,7.103763,7.305407,0.0,31.0,0.08280116
28.0,7.223564,7.6968904,0.0,30.0,0.04067794
28.0,7.30879,7.9132195,0.0,30.0,0.013303046
28.0,7.352965,7.999414,0.0,30.0,0.0
28.0,7.3081284,7.8174047,0.0,31.0,0.01321046
28.0,7.221616,7.5075374,0.0,34.0,0.057981007
28.0,7.0936484,7.215869,0.0,37.0,0.08991604
28.0,7.00846,7.0325007,0.0,37.0,0.101838656
29.0,6.9969234,7.0332165,0.0,37.0,0.09442111
29.0,7.0530567,7.144259,0.0,36.0,0.066495776
29.0,7.1410775,7.3435493,0.0,35.0,0.03259151
29.0,7.2898226,7.7180953,0.0,33.0,0.0
29.0,7.4173555,8.038671,0.0,32.0,0.0
29.0,7.5187182,8.254429,0.0,30.0,0.0
28.0,7.5361004,8.263504,0.0,29.0,0.0
29.0,7.4791884,8.063494,0.0,27.0,0.0
28.0,7.4863853,8.0391865,0.0,26.0,0.0
28.0,7.4731855,7.9850006,0.0,25.0,0.0
28.0,7.4637985,7.9276776,0.0,25.0,0.0
28.0,7.425251,7.805571,0.0,24.0,0.005763585
28.0,7.398777,7.7072697,0.0,24.0,0.016219288
28.0,7.3534636,7.5816174,19.0,24.0,0.030581394
28.0,7.297145,7.449194,37.0,24.0,0.043056425
28.0,7.2838454,7.4191213,0.0,23.0,0.045821052
28.0,7.334495,7.554474,0.0,23.0,0.032448728
28.0,7.377058,7.675268,0.0,23.0,0.02175042
29.0,7.400773,7.726907,0.0,22.0,0.01712485
28.0,7.386662,7.662421,0.0,22.0,0.016762495
28.0,7.3287683,7.4856343,27.0,23.0,0.031277437
28.0,7.261048,7.2989693,42.0,23.0,0.047135968
28.0,7.205986,7.1479926,15.0,23.0,0.061434533
28.0,7.1785345,7.0833325,0.0,23.0,0.06840438
29.0,7.174856,7.1025834,0.0,23.0,0.064263545
29.0,7.1607056,7.1295385,0.0,24.0,0.055492543
29.0,7.1070013,6.976836,0.0,25.0,0.07435727
29.0,7.042152,6.8125324,0.0,26.0,0.091038644
29.0,6.9797325,6.6522355,0.0,27.0,0.10264929
29.0,6.925317,6.5022798,0.0,28.0,0.116410375
29.0,6.8893223,6.373581,0.0,29.0,0.13331114
29.0,6.8492904,6.246432,0.0,31.0,0.14748825
29.0,6.8037143,6.1071677,0.0,32.0,0.15972275
30.0,6.776243,5.9736295,0.0,33.0,0.17025422
30.0,6.739699,5.693834,0.0,37.0,0.23261255
30.0,6.6114964,5.446548,0.0,42.0,0.29796684
30.0,6.4720955,5.3193493,0.0,48.0,0.35806492
30.0,6.389498,5.4794707,0.0,52.0,0.37625813
30.0,6.397512,5.9079523,0.0,54.0,0.35372332
30.0,6.4709034,6.4625463,0.0,54.0,0.3058303
30.0,6.5942507,7.071932,0.0,54.0,0.24194668
29.0,6.7879534,7.796613,0.0,51.0,0.14071468
29.0,7.039662,8.54339,0.0,47.0,0.01445065
28.0,7.2395205,9.024128,0.0,43.0,0.0
28.0,7.2766004,9.055922,0.0,38.0,0.0
28.0,7.332051,8.990485,0.0,35.0,0.0
27.0,7.2896743,8.705216,0.0,33.0,0.0
27.0,7.2131534,8.378311,0.0,32.0,0.0
27.0,7.111961,8.015273,0.0,33.0,0.00064350024
28.0,7.010616,7.7202296,0.0,33.0,0.040081527
28.0,6.941581,7.518767,0.0,35.0,0.07399933
28.0,6.9225206,7.494145,0.0,37.0,0.07954616
28.0,6.9253607,7.5409703,0.0,39.0,0.067387424
28.0,6.944833,7.6238847,0.0,39.0,0.046464175
28.0,6.986876,7.7501593,0.0,40.0,0.015064353
28.0,7.0382905,7.8665924,0.0,40.0,0.0
28.0,7.07129,7.946508,0.0,40.0,0.0
28.0,7.084327,7.970105,0.0,40.0,0.0
28.0,7.047055,7.8772783,0.0,41.0,0.0
28.0,6.9926972,7.7303634,0.0,44.0,0.0
28.0,6.894733,7.556682,0.0,46.0,0.019358585
28.0,6.834773,7.4807324,0.0,46.0,0.026656944
29.0,6.8387976,7.533051,0.0,46.0,0.017441526
29.0,6.8858724,7.662623,0.0,46.0,0.0
29.0,6.9340873,7.799368,0.0,47.0,0.0
28.0,6.9625854,7.8700194,0.0,47.0,0.0
28.0,6.987049,7.898176,0.0,48.0,0.0
28.0,6.95295,7.737676,0.0,51.0,0.0
29.0,6.83687,7.3826027,0.0,57.0,0.042024814
31.0,6.594931,6.6392527,0.0,69.0,0.18072571
33.0,6.263649,5.618915,0.0,86.0,0.33499327
36.0,5.8201733,4.3718743,0.0,101.0,0.4691846
37.0,5.3908544,3.3316233,0.0,110.0,0.5668831
38.0,5.1285,2.880833,0.0,113.0,0.6398128
37.0,5.1560535,3.286225,0.0,110.0,0.6434189
36.0,5.4389734,4.257214,0.0,105.0,0.5815158
35.0,5.8576145,5.471091,0.0,97.0,0.45575437
34.0,6.303308,6.576301,0.0,88.0,0.304861
32.0,6.7149096,7.480826,0.0,78.0,0.15089224
31.0,7.008871,8.070373,0.0,68.0,0.042914115
30.0,7.142698,8.314124,0.0,59.0,0.0036080566
29.0,7.136484,8.223991,0.0,52.0,0.010437374
28.0,7.050196,7.924484,0.0,49.0,0.03559423
28.0,6.9357696,7.5807185,0.0,46.0,0.06036288
28.0,6.830692,7.269892,0.0,45.0,0.08374009
29.0,6.7484937,7.0478363,0.0,42.0,0.11233055
29.0,6.751957,7.0200315,0.0,41.0,0.12021244
29.0,6.7695694,7.0371842,0.0,40.0,0.11880851
29.0,6.7984166,7.0849924,0.0,39.0,0.10637916
28.0,6.8355765,7.1799273,0.0,38.0,0.085404865
28.0,6.869473,7.296494,0.0,37.0,0.066279955
28.0,6.906364,7.4349985,0.0,35.0,0.05033796
28.0,6.9587564,7.5859714,0.0,33.0,0.032946534
28.0,6.9939213,7.639271,0.0,33.0,0.026257647
28.0,6.9589624,7.506041,0.0,33.0,0.03563145
28.0,6.9018936,7.3399067,0.0,34.0,0.041054297
28.0,6.863484,7.269501,0.0,33.0,0.0417134
28.0,6.8944206,7.389839,0.0,32.0,0.025798757
28.0,6.9834495,7.6425266,0.0,30.0,0.0019930084
28.0,7.090657,7.898063,0.0,29.0,0.0
28.0,7.172658,8.1231785,0.0,29.0,0.0
28.0,7.205187,8.197491,0.0,29.0,0.0
27.0,7.208785,8.241974,0.0,28.0,0.0
27.0,7.1946235,8.230047,0.0,28.0,0.0
27.0,7.186151,8.214084,0.0,27.0,0.0
27.0,7.1821384,8.158162,0.0,28.0,0.0
27.0,7.15086,8.018585,0.0,30.0,0.003951238
27.0,7.0606465,7.795772,0.0,33.0,0.033379108
27.0,6.965401,7.583009,0.0,34.0,0.050235126
28.0,6.9076576,7.45739,0.0,35.0,0.058188267
28.0,6.9360547,7.4588513,0.0,37.0,0.064798385
28.0,6.9336667,7.4970794,0.0,40.0,0.070223674
29.0,7.001214,7.728266,0.0,43.0,0.038961843
29.0,7.0647974,8.014985,0.0,43.0,0.0
29.0,7.192979,8.350417,0.0,42.0,0.0
29.0,7.283297,8.503596,0.0,41.0,0.0
29.0,7.3319216,8.576568,0.0,40.0,0.0
29.0,7.388347,8.661823,0.0,39.0,0.0
29.0,7.398175,8.592067,0.0,37.0,0.0
28.0,7.347344,8.333214,0.0,37.0,0.0
28.0,7.17623,7.822443,0.0,36.0,0.0
28.0,7.1139665,7.5970044,0.0,36.0,0.00036160465
29.0,7.084406,7.5175714,0.0,34.0,0.017549716
29.0,7.1539702,7.6558795,0.0,33.0,0.0
29.0,7.179542,7.6783032,0.0,32.0,0.0
29.0,7.158637,7.5643706,0.0,31.0,0.00087990146
29.0,7.16315,7.4812746,0.0,32.0,0.016708259
28.0,7.1305976,7.372078,0.0,33.0,0.03503777
28.0,7.062198,7.2023277,0.0,35.0,0.060691677
29.0,6.963367,6.997475,0.0,36.0,0.093133636
29.0,6.911431,6.933889,0.0,37.0,0.10534332
29.0,6.8890224,6.9457045,0.0,38.0,0.11265296
29.0,6.9326825,7.139736,0.0,39.0,0.08870321
29.0,6.991347,7.3801246,0.0,39.0,0.06489717
29.0,7.055227,7.646953,0.0,39.0,0.033859804
28.0,7.1101427,7.854069,0.0,38.0,0.0030425736
28.0,7.1003423,7.8756485,0.0,38.0,0.0033210854
28.0,7.094826,7.876705,0.0,37.0,0.0
28.0,7.0646834,7.7862144,0.0,36.0,0.005656335
28.0,7.021172,7.6632485,0.0,37.0,0.015209484
28.0,6.9669485,7.51226,0.0,37.0,0.026863549
28.0,6.9131184,7.393093,0.0,38.0,0.03488343
28.0,6.90415,7.403353,0.0,37.0,0.02718248
29.0,6.940913,7.5133824,0.0,36.0,0.012409798
29.0,7.0124555,7.7019873,0.0,35.0,0.0
29.0,7.081213,7.8841496,0.0,34.0,0.0
28.0,7.1345882,7.9803286,0.0,34.0,0.0
28.0,7.1382685,7.9782066,0.0,35.0,0.0
28.0,7.0934873,7.8553185,0.0,35.0,0.0
28.0,7.0384736,7.6944094,0.0,35.0,0.0
28.0,6.999023,7.5935764,0.0,36.0,0.012790483
28.0,7.0257215,7.6974664,0.0,36.0,0.0070242663
28.0,7.106025,7.910658,0.0,36.0,0.0
28.0,7.1699624,8.092143,0.0,35.0,0.0
27.0,7.2198954,8.220334,0.0,34.0,0.0
27.0,7.2454615,8.256454,0.0,34.0,0.0
26.0,7.208525,8.177421,0.0,33.0,0.0
26.0,7.2004933,8.161294,0.0,33.0,0.0
26.0,7.210542,8.219497,0.0,33.0,0.0
25.0,7.2264447,8.256058,0.0,32.0,0.0
25.0,7.2425566,8.300118,0.0,31.0,0.0
25.0,7.2650537,8.336063,0.0,30.0,0.0
25.0,7.254296,8.294546,0.0,30.0,0.00053361827
24.0,7.240102,8.243459,0.0,30.0,0.011036414
24.0,7.2470727,8.276438,0.0,30.0,0.010762414
24.0,7.247626,8.273104,0.0,30.0,0.019721504
24.0,7.2710533,8.339964,0.0,30.0,0.013607219
24.0,7.2613025,8.307019,0.0,30.0,0.020033197
24.0,7.2540884,8.259761,0.0,32.0,0.031815473
24.0,7.1888876,8.083838,0.0,34.0,0.06470355
24.0,7.133855,7.974269,0.0,36.0,0.075236134
25.0,7.1007276,7.899381,0.0,36.0,0.07704096
25.0,7.135548,7.9758286,0.0,36.0,0.060783792
25.0,7.1809144,8.0555105,0.0,35.0,0.050045818
25.0,7.2896004,8.335196,0.0,34.0,0.012815204
25.0,7.409352,8.618386,0.0,33.0,0.0
24.0,7.521782,8.87338,0.0,32.0,0.0
24.0,7.5664263,8.963841,0.0,31.0,0.0
23.0,7.523197,8.854467,0.0,31.0,0.005390231
23.0,7.4445868,8.688713,2.0,31.0,0.03804481
23.0,7.4056377,8.623225,18.0,31.0,0.047496162
23.0,7.4678135,8.771206,0.0,31.0,0.033337373
23.0,7.604741,9.067321,0.0,29.0,0.008906453
23.0,7.7487698,9.347103,0.0,28.0,0.0
23.0,7.8324213,9.483849,3.0,28.0,0.0
22.0,7.8086324,9.407073,152.0,29.0,0.0027686676
22.0,7.698357,9.141475,253.0,30.0,0.039169103
22.0,7.6203856,8.951884,239.0,30.0,0.060851566
22.0,7.610551,8.901884,148.0,30.0,0.070473425
22.0,7.643284,8.969531,71.0,29.0,0.06393296
22.0,7.71097,9.144095,51.0,28.0,0.03552627
22.0,7.772937,9.336291,93.0,27.0,0.0016183382
22.0,7.789973,9.388859,162.0,27.0,0.0
22.0,7.798332,9.380707,180.0,27.0,0.0
22.0,7.775653,9.291659,170.0,27.0,0.019328881
22.0,7.7446465,9.218197,139.0,27.0,0.03981834
22.0,7.727713,9.196389,144.0,27.0,0.04568626
22.0,7.6884418,9.165312,197.0,28.0,0.04808129
22.0,7.6221185,9.068487,205.0,28.0,0.05599138
22.0,7.5663705,8.948948,191.0,29.0,0.06435209
22.0,7.569881,8.975692,129.0,29.0,0.05919309
22.0,7.5724373,9.00501,60.0,29.0,0.056745328
22.0,7.6053367,9.129044,39.0,28.0,0.031346712
22.0,7.6228,9.213899,67.0,28.0,0.007994874
22.0,7.599658,9.154343,83.0,27.0,0.0065880287
22.0,7.5568366,8.991159,135.0,28.0,0.02370583
22.0,7.471424,8.773802,129.0,29.0,0.050055314
22.0,7.4153414,8.639741,58.0,29.0,0.06661346
22.0,7.4468136,8.748265,24.0,29.0,0.04660686
23.0,7.4769177,8.821444,0.0,28.0,0.03022872
23.0,7.5315127,8.949994,0.0,27.0,0.009692264
23.0,7.6384845,9.148861,0.0,26.0,0.0
23.0,7.723716,9.252451,1.0,26.0,0.0
23.0,7.748417,9.219532,54.0,26.0,0.0
23.0,7.7379055,9.133105,151.0,26.0,0.0
23.0,7.601323,8.750562,188.0,26.0,0.04357651
23.0,7.493693,8.475126,221.0,27.0,0.07478326
23.0,7.4071016,8.302883,193.0,28.0,0.091502614
23.0,7.334272,8.154091,128.0,28.0,0.10803397
23.0,7.318592,8.1763315,63.0,29.0,0.09859465
23.0,7.3245125,8.248744,0.0,28.0,0.08135268
24.0,7.3767633,8.474288,0.0,28.0,0.03619759
24.0,7.384528,8.478847,0.0,28.0,0.03067774
24.0,7.366699,8.389041,18.0,29.0,0.046269227
24.0,7.293004,8.196245,47.0,30.0,0.068530045
24.0,7.2411695,8.063561,23.0,31.0,0.07829112
24.0,7.219942,8.010771,0.0,31.0,0.08001097
24.0,7.238521,8.036281,0.0,31.0,0.072439454
24.0,7.2193704,7.948992,0.0,32.0,0.08570622
25.0,7.2738476,8.108141,0.0,32.0,0.06719473
25.0,7.3843837,8.40436,0.0,31.0,0.03176885
25.0,7.490118,8.654457,0.0,31.0,0.003995416
25.0,7.5608664,8.814672,0.0,30.0,0.0
25.0,7.5310335,8.693295,0.0,30.0,0.011301109
24.0,7.528323,8.674016,0.0,30.0,0.013127837
24.0,7.5281105,8.677177,23.0,29.0,0.0074601285
24.0,7.492212,8.558722,50.0,29.0,0.013326545
24.0,7.4094224,8.296045,56.0,29.0,0.043086972
24.0,7.314501,8.023353,48.0,29.0,0.07474181
24.0,7.251066,7.8653283,77.0,30.0,0.08342953
24.0,7.168915,7.646289,87.0,31.0,0.097055174
25.0,7.0795856,7.382226,66.0,32.0,0.118376404
25.0,7.0216217,7.199003,23.0,33.0,0.13300301
25.0,6.9766335,7.036576,0.0,35.0,0.161546
26.0,6.9556646,6.9415436,0.0,41.0,0.20015752
26.0,6.858215,6.754288,0.0,47.0,0.23328659
27.0,6.735849,6.483444,0.0,52.0,0.25572658
28.0,6.674174,6.421029,0.0,54.0,0.2521156
28.0,6.772257,6.753527,0.0,53.0,0.20377347
28.0,6.9673543,7.2944474,0.0,51.0,0.1371742
28.0,7.2174,7.9209623,0.0,49.0,0.049006592
27.0,7.4012265,8.3109,0.0,46.0,0.0
26.0,7.495161,8.495165,0.0,44.0,0.0
26.0,7.498086,8.464731,0.0,41.0,0.0
26.0,7.384102,8.13768,0.0,40.0,0.010456174
26.0,7.250513,7.8060637,0.0,39.0,0.055686362
26.0,7.1401253,7.4896035,0.0,38.0,0.09548374
26.0,7.111127,7.3664412,0.0,38.0,0.110402964
26.0,7.0964875,7.3274145,0.0,38.0,0.121694855
26.0,7.1248803,7.45087,0.0,38.0,0.11731424
26.0,7.1862583,7.689002,0.0,38.0,0.09865368
25.0,7.2455673,7.9494133,0.0,37.0,0.07663885
25.0,7.349395,8.274985,0.0,36.0,0.032629013
25.0,7.4281077,8.5020685,0.0,35.0,6.560957e-05
25.0,7.4175987,8.530354,0.0,33.0,0.0005851284
24.0,7.4652,8.667998,0.0,32.0,0.0
24.0,7.463848,8.6723,0.0,31.0,0.0
24.0,7.4278564,8.606609,0.0,30.0,0.0
23.0,7.378285,8.502974,0.0,30.0,0.0
23.0,7.31052,8.381739,0.0,29.0,0.008136528
23.0,7.2508993,8.263596,0.0,30.0,0.028290793
23.0,7.2488437,8.301468,0.0,30.0,0.02533714
23.0,7.271604,8.400137,0.0,30.0,0.013723775
23.0,7.3156075,8.513802,0.0,29.0,0.0029893715
23.0,7.362551,8.619263,0.0,29.0,0.0
23.0,7.3521543,8.597558,0.0,29.0,0.0
23.0,7.2982903,8.474983,0.0,29.0,0.013564733
23.0,7.254838,8.381916,0.0,30.0,0.026470173
23.0,7.2162037,8.29579,0.0,31.0,0.040957578
23.0,7.2131524,8.3138485,0.0,31.0,0.039014667
23.0,7.2132206,8.34291,0.0,31.0,0.03979183
23.0,7.23697,8.458418,0.0,30.0,0.024350928
23.0,7.2686152,8.570019,0.0,31.0,0.0070207887
23.0,7.256168,8.526325,0.0,31.0,0.012086825
23.0,7.2635903,8.508176,0.0,31.0,0.015754288
23.0,7.275877,8.51797,0.0,31.0,0.015628614
23.0,7.3013034,8.552042,0.0,31.0,0.013604306
23.0,7.30875,8.568842,0.0,31.0,0.014415589
23.0,7.277285,8.495869,0.0,32.0,0.028437803
23.0,7.2536035,8.46858,0.0,33.0,0.030639859
23.0,7.218928,8.384046,0.0,33.0,0.043993287
23.0,7.1754375,8.275951,0.0,34.0,0.06351881
23.0,7.1261964,8.185987,0.0,36.0,0.07898829
23.0,7.0662894,8.065696,0.0,37.0,0.09808838
23.0,7.044313,8.121509,0.0,37.0,0.08748708
23.0,7.0987644,8.304299,0.0,37.0,0.0595656
23.0,7.160649,8.484699,0.0,37.0,0.038452193
23.0,7.2465587,8.697618,0.0,35.0,0.016171163
23.0,7.3301287,8.898397,0.0,34.0,0.0
23.0,7.409094,9.095721,0.0,33.0,0.0
23.0,7.4191704,9.0988865,0.0,32.0,0.0
23.0,7.40359,9.027214,0.0,31.0,0.0
22.0,7.4121113,9.028168,0.0,30.0,0.0
23.0,7.465967,9.148068,0.0,29.0,0.0
23.0,7.594097,9.431014,0.0,27.0,0.0
23.0,7.6563716,9.54269,0.0,25.0,0.0
22.0,7.6713085,9.500193,0.0,24.0,0.0
22.0,7.685559,9.445085,0.0,23.0,0.0
22.0,7.695392,9.388627,16.0,23.0,0.0
22.0,7.6991816,9.326939,43.0,22.0,0.0
22.0,7.6818156,9.232268,67.0,22.0,0.0
22.0,7.6231656,9.038436,88.0,21.0,0.0
22.0,7.5615287,8.8613205,109.0,20.0,0.0
22.0,7.493798,8.678608,142.0,21.0,0.011977602
22.0,7.403091,8.438116,151.0,22.0,0.038619317
22.0,7.331781,8.247225,126.0,23.0,0.057927147
22.0,7.3240175,8.225062,43.0,23.0,0.056880683
23.0,7.3754783,8.419245,0.0,23.0,0.029703561
23.0,7.441785,8.59415,0.0,22.0,0.008672589
23.0,7.492157,8.707349,0.0,22.0,0.0
23.0,7.554799,8.813202,0.0,21.0,0.0
23.0,7.614273,8.895242,11.0,21.0,0.0
23.0,7.657631,8.932297,47.0,21.0,0.0
23.0,7.6778007,8.931483,41.0,21.0,0.0
23.0,7.736827,9.054653,17.0,20.0,0.0
23.0,7.8275013,9.263047,10.0,20.0,0.0
24.0,8.006491,9.719184,0.0,20.0,0.0
24.0,8.199179,10.129161,0.0,19.0,0.0
24.0,8.35207,10.363024,24.0,19.0,0.0
24.0,8.4814005,10.525157,109.0,19.0,0.0
23.0,8.5128355,10.463471,226.0,18.0,0.0
23.0,8.4579315,10.224954,360.0,19.0,0.0
23.0,8.294596,9.736858,454.0,19.0,0.0
23.0,8.144791,9.337346,471.0,20.0,0.03354999
23.0,8.003817,8.992009,433.0,21.0,0.06551454
23.0,7.8824706,8.725781,369.0,22.0,0.0849238
23.0,7.8073,8.620399,315.0,22.0,0.08038207
23.0,7.7403708,8.534409,291.0,22.0,0.07178496
23.0,7.659272,8.413059,280.0,22.0,0.06829919
24.0,7.5913286,8.30424,275.0,23.0,0.064761445
24.0,7.5129304,8.118592,253.0,23.0,0.071036465
24.0,7.443752,7.9342623,211.0,23.0,0.07904177
24.0,7.395266,7.8181705,158.0,23.0,0.07952106
24.0,7.3685575,7.807676,126.0,23.0,0.06909111
24.0,7.350365,7.8016067,99.0,23.0,0.06398174
25.0,7.3652782,7.8490877,71.0,23.0,0.055198897
25.0,7.393803,7.9194355,60.0,22.0,0.04288789
25.0,7.4048324,7.910455,55.0,22.0,0.04390136
25.0,7.386813,7.824845,71.0,23.0,0.063153826
25.0,7.34934,7.757747,109.0,24.0,0.08043396
25.0,7.2799454,7.6445856,137.0,26.0,0.10056914
24.0,7.197891,7.500414,135.0,27.0,0.121899396
24.0,7.1282005,7.4057794,93.0,28.0,0.13626789
24.0,7.087777,7.3726063,31.0,29.0,0.14567609
24.0,7.092665,7.50275,0.0,29.0,0.13595057
24.0,7.1305137,7.72944,0.0,30.0,0.112138234
23.0,7.1716824,7.9118056,0.0,30.0,0.09206715
23.0,7.184726,7.996687,0.0,29.0,0.083282806
23.0,7.166468,7.9789515,0.0,29.0,0.09153532
22.0,7.1472464,7.95613,0.0,28.0,0.096947454
22.0,7.1170926,7.8690124,18.0,28.0,0.107912146
22.0,7.085847,7.7956038,32.0,28.0,0.11695762
22.0,7.068194,7.7726336,33.0,27.0,0.117342256
21.0,7.0622206,7.7713594,19.0,26.0,0.119474
21.0,7.0753493,7.826761,13.0,26.0,0.12119442
21.0,7.0952888,7.9305816,17.0,25.0,0.12068073
21.0,7.1085286,8.022805,31.0,25.0,0.12011008
20.0,7.1194506,8.098695,44.0,25.0,0.12015971
20.0,7.11864,8.139796,48.0,24.0,0.12593739
20.0,7.1145315,8.144358,72.0,25.0,0.13545322
19.0,7.0928946,8.154899,64.0,25.0,0.14262009
19.0,7.0884953,8.17776,62.0,24.0,0.14473058
19.0,7.109931,8.25037,66.0,24.0,0.13720241
19.0,7.1339035,8.314617,59.0,23.0,0.13191961
19.0,7.1623316,8.381976,58.0,22.0,0.12764832
19.0,7.187986,8.428991,69.0,22.0,0.12906504
18.0,7.206114,8.4839115,92.0,22.0,0.12654452
18.0,7.2078342,8.500029,114.0,21.0,0.1300692
18.0,7.2065663,8.523452,123.0,21.0,0.13205872
18.0,7.2072806,8.557422,99.0,21.0,0.1388622
18.0,7.244482,8.6880665,100.0,22.0,0.14104047
17.0,7.271348,8.8350315,94.0,22.0,0.13840698
17.0,7.3039255,8.99764,91.0,22.0,0.12985395
17.0,7.331256,9.130185,98.0,23.0,0.121613085
17.0,7.3544497,9.229291,110.0,23.0,0.11648444
16.0,7.3683615,9.2912035,119.0,24.0,0.116896056
16.0,7.3834724,9.361189,130.0,24.0,0.11260521
16.0,7.395747,9.420457,124.0,24.0,0.10418227
16.0,7.4256744,9.504791,133.0,24.0,0.090957806
16.0,7.4384637,9.558198,133.0,23.0,0.082749374
16.0,7.460393,9.62056,127.0,22.0,0.07435388
15.0,7.5102615,9.719829,133.0,22.0,0.06396182
15.0,7.559012,9.814421,151.0,22.0,0.05307514
15.0,7.5903254,9.848266,171.0,21.0,0.048636246
15.0,7.6042104,9.854704,188.0,21.0,0.04786444
15.0,7.5946674,9.810527,206.0,21.0,0.056652553
15.0,7.5853086,9.786835,225.0,21.0,0.06545373
15.0,7.5993958,9.825576,235.0,21.0,0.064901404
15.0,7.6147947,9.853128,215.0,21.0,0.0667067
15.0,7.655121,9.941188,197.0,20.0,0.0604549
15.0,7.7057686,10.058935,199.0,20.0,0.048849996
15.0,7.7271924,10.119257,207.0,19.0,0.044868864
15.0,7.7557807,10.18096,228.0,19.0,0.038377654
15.0,7.791806,10.22774,236.0,19.0,0.035287987
15.0,7.832583,10.268626,251.0,19.0,0.034622118
15.0,7.852799,10.249933,257.0,19.0,0.042770863
15.0,7.869775,10.251638,271.0,19.0,0.048510667
15.0,7.87087,10.243664,303.0,19.0,0.052111864
14.0,7.8621283,10.205754,331.0,19.0,0.05845691
15.0,7.8667717,10.187163,343.0,20.0,0.06317525
15.0,7.858299,10.14493,342.0,20.0,0.06991894
15.0,7.8795967,10.175478,317.0,20.0,0.06945384
15.0,7.935182,10.314758,291.0,20.0,0.05524016
15.0,7.9751,10.436966,291.0,20.0,0.039441884
15.0,8.00783,10.506095,306.0,19.0,0.028637357
15.0,8.052586,10.583649,311.0,19.0,0.019483788
15.0,8.120403,10.697428,307.0,19.0,0.012452472
15.0,8.192823,10.769896,298.0,18.0,0.0051801484
15.0,8.235895,10.7866955,321.0,18.0,0.004258889
15.0,8.248952,10.775273,363.0,18.0,0.0040989066
16.0,8.259364,10.72555,389.0,18.0,0.009693674
16.0,8.273266,10.723995,407.0,18.0,0.011975345
16.0,8.288624,10.731415,413.0,18.0,0.0135230925
16.0,8.310048,10.73116,399.0,18.0,0.018833896
16.0,8.372144,10.870855,372.0,17.0,0.009214762
16.0,8.454101,11.089204,348.0,17.0,0.0
16.0,8.577619,11.391539,348.0,16.0,0.0
16.0,8.689971,11.640973,374.0,16.0,0.0
16.0,8.749495,11.652905,410.0,15.0,0.0
16.0,8.793735,11.653562,446.0,15.0,0.0
16.0,8.843872,11.730972,468.0,15.0,0.0
16.0,8.8387575,11.640692,508.0,15.0,0.0
16.0,8.819339,11.539163,536.0,15.0,0.0
17.0,8.812211,11.494269,542.0,15.0,0.0
17.0,8.813749,11.487916,541.0,15.0,0.0
17.0,8.816458,11.489023,532.0,16.0,0.0
17.0,8.852279,11.613631,516.0,16.0,0.0
17.0,8.885417,11.724082,516.0,16.0,0.0
17.0,8.932859,11.861386,522.0,16.0,0.0
17.0,9.054779,12.254092,476.0,16.0,0.0
